Fecha;Beni;Chuquisaca;Cochabamba;La Paz;Oruro;Pando;Potosi;Santa Cruz;Tarija
10/3/2020 00:00;0;0;0;0;1;0;0;1;0
11/3/2020 00:00;0;0;0;0;1;0;0;2;0
12/3/2020 00:00;0;0;0;0;7;0;0;2;0
13/3/2020 00:00;0;0;0;0;7;0;0;2;0
14/3/2020 00:00;0;0;1;0;7;0;0;2;0
15/3/2020 00:00;0;0;1;0;7;0;0;2;0
16/3/2020 00:00;0;0;1;0;7;0;0;3;0
17/3/2020 00:00;0;0;1;0;7;0;0;4;0
18/3/2020 00:00;0;0;1;0;7;0;0;4;0
19/3/2020 00:00;0;0;2;1;8;0;0;5;0
20/3/2020 00:00;0;0;2;1;8;0;0;8;0
21/3/2020 00:00;0;0;2;1;8;0;0;9;0
22/3/2020 00:00;0;0;2;1;8;0;0;15;0
23/3/2020 00:00;0;0;2;1;8;0;0;16;0
24/3/2020 00:00;0;0;3;3;8;0;0;18;0
25/3/2020 00:00;0;0;3;4;8;0;0;24;0
26/3/2020 00:00;0;0;10;8;8;0;1;34;0
27/3/2020 00:00;0;1;14;8;8;0;1;42;0
28/3/2020 00:00;0;1;14;10;8;1;3;44;0
29/3/2020 00:00;0;1;18;13;8;1;3;52;0
30/3/2020 00:00;0;1;20;14;8;1;3;59;1
31/3/2020 00:00;0;1;20;16;8;1;4;64;1
1/4/2020 00:00;0;1;21;16;8;4;4;68;1
2/4/2020 00:00;0;1;22;19;8;6;5;70;1
3/4/2020 00:00;0;1;24;20;8;6;5;74;1
4/4/2020 00:00;0;1;25;23;8;6;5;88;1
5/4/2020 00:00;0;1;33;32;8;6;5;97;1
6/4/2020 00:00;0;1;33;37;8;6;8;100;1
7/4/2020 00:00;0;1;38;39;8;10;10;103;1
8/4/2020 00:00;0;1;47;57;8;10;13;127;1
9/4/2020 00:00;0;1;48;57;8;10;13;130;1
10/4/2020 00:00;0;1;48;59;9;10;13;134;1
11/4/2020 00:00;0;1;49;65;11;11;15;147;1
12/4/2020 00:00;0;1;52;73;13;11;15;163;2
13/4/2020 00:00;0;1;54;80;14;11;15;177;2
14/4/2020 00:00;0;1;57;91;30;11;15;190;2
15/4/2020 00:00;0;1;59;101;37;11;15;215;2
16/4/2020 00:00;0;1;59;120;38;11;16;218;2
17/4/2020 00:00;0;1;60;120;42;12;18;237;3
18/4/2020 00:00;0;1;60;126;45;12;18;255;3
19/4/2020 00:00;0;1;61;133;45;12;19;290;3
20/4/2020 00:00;2;1;61;134;49;12;19;317;3
21/4/2020 00:00;2;1;62;137;49;12;19;324;3
22/4/2020 00:00;2;1;63;140;59;12;21;371;3
23/4/2020 00:00;2;2;66;150;62;12;21;385;3
24/4/2020 00:00;33;2;70;155;65;12;21;446;3
25/4/2020 00:00;39;2;71;159;65;12;26;489;3
26/4/2020 00:00;57;2;78;168;79;12;26;525;3
27/4/2020 00:00;62;3;78;185;92;12;26;553;3
28/4/2020 00:00;63;3;79;188;92;12;26;587;3
29/4/2020 00:00;67;3;80;202;102;12;26;615;3
30/4/2020 00:00;67;3;80;218;102;12;26;656;3
1/5/2020 00:00;83;4;80;221;107;12;26;693;3
2/5/2020 00:00;191;4;81;236;111;12;26;806;3
3/5/2020 00:00;212;4;81;241;111;12;26;904;3
4/5/2020 00:00;212;5;82;243;111;12;33;979;4
5/5/2020 00:00;212;6;82;253;113;12;35;1083;6
6/5/2020 00:00;212;6;82;260;113;12;35;1160;6
7/5/2020 00:00;231;11;82;271;115;12;35;1318;6
8/5/2020 00:00;312;11;90;294;116;12;35;1387;9
9/5/2020 00:00;312;14;95;301;121;12;35;1537;10
10/5/2020 00:00;314;15;104;309;124;12;35;1633;10
11/5/2020 00:00;389;15;109;313;124;12;36;1823;10
12/5/2020 00:00;389;15;130;316;128;12;36;1925;13
13/5/2020 00:00;436;15;148;319;128;12;36;2041;13
14/5/2020 00:00;509;15;170;322;132;12;36;2163;13
15/5/2020 00:00;548;15;196;328;132;12;36;2297;13
16/5/2020 00:00;551;16;214;333;133;12;36;2518;13
17/5/2020 00:00;551;17;224;335;135;12;38;2763;13
18/5/2020 00:00;581;17;228;342;137;12;39;2894;13
19/5/2020 00:00;679;17;246;355;138;12;39;2982;13
20/5/2020 00:00;833;19;259;363;138;12;40;3241;14
21/5/2020 00:00;902;19;266;375;141;12;41;3414;17
22/5/2020 00:00;1015;19;285;381;143;12;41;3665;18
23/5/2020 00:00;1097;21;295;386;145;12;41;3900;18
24/5/2020 00:00;1097;21;329;394;150;13;42;4199;18
25/5/2020 00:00;1142;22;339;403;151;13;44;4527;19
26/5/2020 00:00;1242;22;345;410;153;13;44;4888;19
27/5/2020 00:00;1355;25;376;415;155;13;44;5366;19
28/5/2020 00:00;1506;25;419;423;159;13;46;5774;22
29/5/2020 00:00;1576;25;488;444;166;14;48;5946;24
30/5/2020 00:00;1707;25;556;478;190;14;48;6542;32
31/5/2020 00:00;1809;26;611;507;204;14;68;6711;32
1/6/2020 00:00;1885;28;714;555;210;14;70;7018;37
2/6/2020 00:00;1965;29;786;614;218;14;93;7235;37
3/6/2020 00:00;2101;31;851;635;222;23;98;7637;40
4/6/2020 00:00;2278;32;898;661;238;23;119;7952;44
5/6/2020 00:00;2428;38;960;692;247;23;147;8144;49
6/6/2020 00:00;2472;39;1022;737;256;47;171;8556;58
7/6/2020 00:00;2511;39;1097;754;260;65;183;8676;58
8/6/2020 00:00;2565;43;1162;776;274;65;188;8811;65
9/6/2020 00:00;2692;43;1231;804;288;94;200;9224;68
10/6/2020 00:00;2778;61;1297;842;305;130;205;9594;69
11/6/2020 00:00;2809;74;1369;932;334;175;268;10127;77
12/6/2020 00:00;2927;85;1441;983;358;238;274;10536;87
13/6/2020 00:00;2944;100;1537;1064;369;267;295;11154;112
14/6/2020 00:00;2954;102;1723;1149;378;286;331;11424;112
15/6/2020 00:00;2962;117;1878;1213;389;307;343;11741;123
16/6/2020 00:00;2994;129;1915;1254;400;315;361;12366;149
17/6/2020 00:00;3128;134;2041;1298;420;386;378;12725;175
18/6/2020 00:00;3326;185;2179;1386;443;409;392;12988;191
19/6/2020 00:00;3473;196;2302;1469;459;425;407;13539;206
20/6/2020 00:00;3581;253;2360;1545;469;476;424;14165;239
21/6/2020 00:00;3613;301;2551;1780;488;482;428;14499;246
22/6/2020 00:00;3679;301;2612;1918;599;496;546;15067;275
23/6/2020 00:00;3785;382;2775;1966;675;505;560;15442;299
24/6/2020 00:00;3887;422;2920;2161;699;507;576;15984;331
25/6/2020 00:00;3920;470;2970;2373;721;513;588;16555;393
26/6/2020 00:00;3934;524;3233;2580;792;562;589;16777;432
27/6/2020 00:00;3975;578;3416;2774;794;567;603;17455;514
28/6/2020 00:00;4041;637;3468;2882;878;567;641;17873;537
29/6/2020 00:00;4075;644;3501;2967;899;568;664;18211;596
30/6/2020 00:00;4119;707;3640;3029;949;568;674;18881;652
1/7/2020 00:00;4173;766;3744;3241;1012;636;689;19257;709
2/7/2020 00:00;4203;811;3836;3397;1093;713;720;19991;764
3/7/2020 00:00;4265;852;4089;3634;1145;717;728;20558;830
4/7/2020 00:00;4275;917;4146;3872;1189;808;758;21190;916
5/7/2020 00:00;4275;967;4199;4205;1233;934;761;21752;971
6/7/2020 00:00;4332;1000;4429;4685;1283;1006;782;21953;1039
7/7/2020 00:00;4435;1068;4492;4876;1380;1026;801;22398;1069
8/7/2020 00:00;4611;1099;4635;5151;1491;1026;831;22926;1214
9/7/2020 00:00;4695;1162;4769;5376;1546;1026;844;23411;1284
10/7/2020 00:00;4794;1165;4915;5704;1635;1026;847;24025;1454
11/7/2020 00:00;4811;1298;5014;6366;1701;1026;858;24625;1501
12/7/2020 00:00;4837;1332;5188;6703;1786;1045;895;24900;1501
13/7/2020 00:00;4861;1332;5315;7124;1861;1045;919;25260;1533
14/7/2020 00:00;4904;1374;5468;7402;1921;1045;969;26124;1660
15/7/2020 00:00;4957;1422;5744;7662;1974;1045;1000;26671;1743
16/7/2020 00:00;5026;1490;5926;7976;2016;1045;1060;27744;1873
17/7/2020 00:00;5040;1536;6045;8209;2112;1057;1086;28989;2028
18/7/2020 00:00;5068;1588;6277;8922;2177;1178;1097;29484;2347
19/7/2020 00:00;5092;1605;6406;9655;2211;1204;1172;29754;2483
20/7/2020 00:00;5124;1637;6526;10190;2244;1212;1188;30309;2561
21/7/2020 00:00;5163;1662;6694;10621;2346;1213;1188;30887;2583
22/7/2020 00:00;5173;1698;6887;11409;2431;1300;1249;31400;2588
23/7/2020 00:00;5193;1736;7047;11943;2506;1311;1266;31656;2594
24/7/2020 00:00;5276;1807;7305;12273;2557;1362;1385;31846;2645
25/7/2020 00:00;5289;1826;7420;13371;2657;1365;1390;32138;2825
26/7/2020 00:00;5290;1834;7544;13780;2756;1367;1436;32372;3050
27/7/2020 00:00;5295;1894;8104;14403;2822;1373;1443;32653;3194
28/7/2020 00:00;5315;1921;8310;14618;2859;1375;1458;33084;3387
29/7/2020 00:00;5325;1944;8410;14982;2913;1398;1464;33550;3548
30/7/2020 00:00;5376;1962;8582;15595;3073;1407;1470;33990;3779
31/7/2020 00:00;5441;2051;9030;15951;3073;1419;1486;34409;3929
1/8/2020 00:00;5552;2094;9418;16425;3573;1428;1520;34738;4045
2/8/2020 00:00;5619;2141;9626;16823;3693;1428;1576;34972;4275
3/8/2020 00:00;5638;2199;9815;17699;3741;1431;1627;35296;4400
4/8/2020 00:00;5669;2261;10031;18115;3890;1459;1670;35759;4507
5/8/2020 00:00;5697;2337;10213;19024;3960;1495;1747;36081;4587
6/8/2020 00:00;5729;2436;10309;19575;4027;1517;1760;36459;4611
7/8/2020 00:00;5760;2562;10392;20481;4039;1549;1792;36688;4628
8/8/2020 00:00;5777;2661;10435;21105;4117;1587;1820;36924;4629
9/8/2020 00:00;5789;2712;10586;21606;4138;1622;1860;37057;4629
10/8/2020 00:00;5836;2837;10722;22322;4150;1656;1941;37392;4779
11/8/2020 00:00;5921;2978;10845;22908;4193;1710;2232;37599;4942
12/8/2020 00:00;5930;3127;10990;23721;4214;1766;2352;37831;5140
13/8/2020 00:00;5954;3296;11074;24145;4227;1804;2608;38016;5335
14/8/2020 00:00;5954;3477;11259;24602;4237;1852;2843;38187;5539
15/8/2020 00:00;5957;3623;11346;25122;4255;1910;3037;38301;5595
16/8/2020 00:00;5957;3808;11359;25776;4269;1959;3153;38416;5647
17/8/2020 00:00;5971;3985;11411;26052;4283;1968;3291;38511;5751
18/8/2020 00:00;6022;4147;11491;26295;4299;2021;4152;38580;6012
19/8/2020 00:00;6093;4254;11563;27100;4367;2074;4420;38862;6317
20/8/2020 00:00;6156;4343;11621;27306;4496;2129;4538;38969;6507
21/8/2020 00:00;6238;4421;11689;27771;4575;2208;4636;39113;6784
22/8/2020 00:00;6322;4536;11791;27985;4636;2230;4736;39286;6905
23/8/2020 00:00;6335;4638;11844;28328;4689;2232;4771;39373;6939
24/8/2020 00:00;6342;4705;11956;28935;4718;2241;4832;39437;6982
25/8/2020 00:00;6422;4786;12017;29149;4736;2263;4944;39616;7066
26/8/2020 00:00;6449;4851;12068;29498;4766;2283;5138;39878;7163
27/8/2020 00:00;6502;4923;12161;29851;4818;2297;5252;40014;7311
28/8/2020 00:00;6565;5024;12204;30349;4856;2308;5417;40176;7510
29/8/2020 00:00;6584;5097;12290;30678;4907;2315;5472;40270;7741
30/8/2020 00:00;6592;5133;12297;30898;4951;2317;5472;40293;8015
31/8/2020 00:00;6610;5220;12370;30999;4960;2320;5539;40445;8135
1/9/2020 00:00;6639;5295;12432;31039;4968;2332;5655;40638;8269
2/9/2020 00:00;6671;5360;12516;31124;4984;2335;5760;40792;8386
3/9/2020 00:00;6753;5433;12559;31232;5086;2340;5861;40885;8632
4/9/2020 00:00;6771;5496;12589;31446;5129;2347;6039;41007;8756
5/9/2020 00:00;6785;5546;12615;31725;5148;2350;6107;41085;8880
6/9/2020 00:00;6792;5606;12624;31889;5176;2353;6215;41112;9002
7/9/2020 00:00;6821;5627;12629;32161;5185;2355;6389;41197;9240
8/9/2020 00:00;6846;5705;12671;32268;5199;2357;6561;41314;9387
9/9/2020 00:00;6873;5840;12721;32565;5298;2358;6744;41430;9516
10/9/2020 00:00;6913;5911;12766;32797;5349;2358;6933;41555;9623
11/9/2020 00:00;6933;6019;12889;32950;5359;2358;7166;41653;9845
12/9/2020 00:00;6937;6127;13065;33082;5380;2358;7255;41691;10087
13/9/2020 00:00;6954;6204;13142;33296;5413;2358;7294;41759;10371
14/9/2020 00:00;6968;6268;13192;33619;5442;2358;7387;41819;10566
15/9/2020 00:00;6969;6339;13261;33731;5451;2358;7469;41923;10785
16/9/2020 00:00;6983;6418;13294;33804;5476;2360;7519;41991;11027
17/9/2020 00:00;7007;6518;13328;33842;5493;2360;7540;42064;11267
18/9/2020 00:00;7017;6605;13378;33875;5515;2361;7653;42100;11547
19/9/2020 00:00;7022;6639;13392;33969;5527;2361;7666;42153;11741
20/9/2020 00:00;7023;6680;13394;34003;5549;2361;7682;42178;11806
21/9/2020 00:00;7026;6696;13422;34030;5555;2361;7736;42226;11934
22/9/2020 00:00;7049;6769;13429;34067;5565;2362;7790;42276;12146
23/9/2020 00:00;7089;6817;13451;34091;5606;2362;7925;42336;12313
24/9/2020 00:00;7109;6879;13488;34136;5650;2363;7988;42374;12631
25/9/2020 00:00;7124;6940;13507;34181;5679;2363;8055;42508;12865
26/9/2020 00:00;7129;6986;13529;34233;5679;2363;8137;42544;12992
27/9/2020 00:00;7129;7032;13533;34262;5697;2364;8148;42588;13148
28/9/2020 00:00;7129;7055;13563;34279;5711;2365;8188;42625;13308
29/9/2020 00:00;7129;7069;13594;34282;5719;2366;8228;42684;13570
30/9/2020 00:00;7136;7100;13611;34311;5731;2367;8298;42721;14036
1/10/2020 00:00;7168;7128;13626;34351;5744;2368;8322;42746;14263
2/10/2020 00:00;7184;7153;13644;34391;5762;2368;8389;42847;14481
3/10/2020 00:00;7194;7187;13647;34419;5772;2368;8464;42884;14634
4/10/2020 00:00;7194;7211;13659;34433;5785;2368;8519;42927;14772
5/10/2020 00:00;7197;7229;13673;34449;5787;2368;8544;42953;14907
6/10/2020 00:00;7197;7243;13706;34449;5798;2369;8600;43022;15084
7/10/2020 00:00;7197;7257;13728;34498;5811;2369;8641;43075;15130
8/10/2020 00:00;7202;7316;13735;34520;5821;2369;8676;43122;15208
9/10/2020 00:00;7215;7339;13750;34567;5844;2369;8715;43192;15235
10/10/2020 00:00;7233;7354;13754;34597;5857;2369;8745;43225;15329
11/10/2020 00:00;7240;7362;13754;34605;5869;2369;8760;43236;15379
12/10/2020 00:00;7242;7382;13765;34607;5877;2369;8779;43263;15411
13/10/2020 00:00;7246;7414;13784;34626;5888;2369;8820;43306;15469
14/10/2020 00:00;7246;7433;13787;34638;5896;2371;8854;43398;15518
15/10/2020 00:00;7248;7444;13810;34674;5899;2371;8869;43441;15563
16/10/2020 00:00;7265;7476;13827;34701;5904;2371;8892;43487;15639
17/10/2020 00:00;7267;7519;13833;34712;5913;2371;8905;43501;15689
18/10/2020 00:00;7267;7539;13833;34721;5921;2371;8908;43522;15689
19/10/2020 00:00;7268;7545;13857;34727;5923;2371;8928;43558;15713
20/10/2020 00:00;7276;7564;13872;34736;5927;2373;8947;43594;15748
21/10/2020 00:00;7280;7581;13895;34766;5933;2373;8958;43655;15787
22/10/2020 00:00;7284;7601;13908;34777;5946;2373;8977;43719;15860
23/10/2020 00:00;7285;7631;13910;34796;5955;2373;9002;43763;15897
24/10/2020 00:00;7288;7662;13914;34825;5960;2373;9023;43787;15947
25/10/2020 00:00;7288;7693;13914;34838;5965;2374;9025;43790;15966
26/10/2020 00:00;7288;7708;13926;34840;5966;2374;9045;43821;15984
27/10/2020 00:00;7288;7723;13932;34869;5970;2374;9066;43869;16033
28/10/2020 00:00;7289;7757;13945;34898;5978;2374;9076;43920;16084
29/10/2020 00:00;7289;7778;13966;34916;5994;2375;9086;43958;16122
30/10/2020 00:00;7289;7794;13977;34962;6002;2376;9092;43980;16159
31/10/2020 00:00;7289;7809;13988;34977;6011;2376;9105;43994;16219
1/11/2020 00:00;7289;7823;13977;34995;6018;2376;9105;44018;16232
2/11/2020 00:00;7289;7832;13987;34995;6018;2376;9112;44026;16232
3/11/2020 00:00;7295;7837;13988;35000;6018;2377;9124;44049;16248
4/11/2020 00:00;7300;7849;13999;35010;6024;2378;9134;44095;16273
5/11/2020 00:00;7305;7855;14011;35048;6028;2378;9142;44135;16299
6/11/2020 00:00;7311;7869;14014;35061;6039;2381;9157;44185;16326
7/11/2020 00:00;7311;7873;14021;35075;6041;2384;9163;44197;16362
8/11/2020 00:00;7311;7882;14023;35086;6057;2384;9167;44203;16362
9/11/2020 00:00;7314;7884;14027;35088;6061;2384;9174;44244;16385
10/11/2020 00:00;7314;7892;14033;35109;6063;2384;9178;44275;16416
11/11/2020 00:00;7317;7896;14042;35115;6069;2385;9198;44312;16442
12/11/2020 00:00;7317;7898;14062;35123;6083;2385;9220;44347;16454
13/11/2020 00:00;7318;7907;14080;35182;6084;2389;9242;44398;16469
14/11/2020 00:00;7318;7922;14083;35218;6088;2392;9259;44410;16491
15/11/2020 00:00;7318;7930;14087;35237;6096;2392;9259;44436;16491
16/11/2020 00:00;7318;7933;14109;35271;6100;2392;9272;44478;16498
17/11/2020 00:00;7324;7939;14115;35286;6102;2393;9274;44523;16517
18/11/2020 00:00;7330;7942;14117;35307;6105;2393;9296;44551;16528
19/11/2020 00:00;7331;7952;14127;35369;6111;2394;9339;44588;16545
20/11/2020 00:00;7331;7960;14136;35383;6121;2394;9342;44630;16557
21/11/2020 00:00;7331;7970;14144;35389;6123;2394;9347;44650;16574
22/11/2020 00:00;7331;7973;14145;35413;6134;2394;9360;44654;16574
23/11/2020 00:00;7331;7977;14155;35414;6134;2394;9361;44684;16584
24/11/2020 00:00;7332;7982;14169;35421;6137;2395;9376;44739;16596
25/11/2020 00:00;7339;7988;14185;35437;6141;2396;9399;44783;16608
26/11/2020 00:00;7339;7991;14217;35447;6146;2400;9413;44823;16614
27/11/2020 00:00;7340;8004;14233;35466;6154;2401;9425;44854;16617
28/11/2020 00:00;7340;8021;14238;35489;6155;2402;9426;44870;16651
29/11/2020 00:00;7340;8024;14238;35494;6165;2402;9430;44878;16651
30/11/2020 00:00;7342;8030;14253;35497;6168;2403;9435;44923;16657
1/12/2020 00:00;7342;8032;14266;35504;6174;2404;9437;44985;16666
2/12/2020 00:00;7344;8040;14280;35519;6184;2405;9470;45076;16676
3/12/2020 00:00;7345;8047;14293;35564;6198;2405;9482;45164;16688
4/12/2020 00:00;7348;8054;14307;35594;6213;2407;9493;45215;16694
5/12/2020 00:00;7350;8059;14311;35626;6223;2413;9521;45277;16712
6/12/2020 00:00;7350;8067;14315;35646;6233;2413;9527;45297;16712
7/12/2020 00:00;7350;8070;14331;35649;6235;2413;9541;45352;16716
8/12/2020 00:00;7352;8084;14345;35670;6241;2413;9568;45448;16725
9/12/2020 00:00;7353;8091;14360;35685;6250;2416;9585;45589;16731
10/12/2020 00:00;7354;8103;14381;35772;6257;2421;9602;45750;16745
11/12/2020 00:00;7354;8119;14398;35838;6261;2428;9606;45936;16757
12/12/2020 00:00;7356;8125;14414;35875;6273;2434;9632;46154;16767
13/12/2020 00:00;7356;8133;14415;35923;6278;2435;9641;46200;16769
14/12/2020 00:00;7358;8138;14424;35934;6280;2436;9648;46356;16771
15/12/2020 00:00;7360;8148;14434;35998;6291;2438;9652;46606;16789
16/12/2020 00:00;7364;8158;14455;36131;6302;2443;9678;46876;16807
17/12/2020 00:00;7368;8171;14465;36263;6318;2455;9690;47116;16819
18/12/2020 00:00;7371;8187;14494;36365;6343;2460;9705;47390;16834
19/12/2020 00:00;7373;8220;14515;36482;6361;2469;9723;47770;16857
20/12/2020 00:00;7373;8276;14521;36605;6385;2480;9723;47803;16857
21/12/2020 00:00;7373;8283;14579;36651;6391;2481;9728;48030;16869
22/12/2020 00:00;7383;8304;14638;36774;6404;2490;9737;48438;16891
23/12/2020 00:00;7401;8347;14699;37099;6434;2501;9748;48914;16921
24/12/2020 00:00;7409;8417;14765;37433;6456;2512;9768;49388;16973
25/12/2020 00:00;7409;8500;14778;37604;6470;2531;9801;49524;16973
26/12/2020 00:00;7409;8518;14865;37801;6476;2534;9821;49927;16998
27/12/2020 00:00;7409;8540;14900;38014;6485;2542;9821;50133;16999
28/12/2020 00:00;7454;8574;14962;38114;6491;2544;9828;50616;17011
29/12/2020 00:00;7472;8632;15141;38393;6508;2563;9851;51267;17060
30/12/2020 00:00;7567;8738;15263;38732;6565;2593;9878;51936;17100
31/12/2020 00:00;7595;8902;15462;39085;6601;2610;9922;52811;17136
1/1/2021 00:00;7611;8975;15510;39481;6661;2644;9934;52994;17175
2/1/2021 00:00;7611;9049;15602;39867;6672;2661;9935;53420;17238
3/1/2021 00:00;7611;9093;15697;39978;6686;2685;9946;53727;17238
4/1/2021 00:00;7660;9191;15865;40088;6698;2695;9981;54222;17271
5/1/2021 00:00;7723;9251;16067;40380;6722;2712;10014;55093;17306
6/1/2021 00:00;7835;9390;16299;40667;6799;2761;10080;55782;17368
7/1/2021 00:00;7916;9492;16505;41297;6838;2818;10128;56420;17477
8/1/2021 00:00;8050;9656;16827;41965;6896;2890;10147;57203;17520
9/1/2021 00:00;8119;9799;16979;42399;6972;2907;10191;57812;17620
10/1/2021 00:00;8145;9882;17088;42842;7037;2925;10215;58139;17620
11/1/2021 00:00;8231;10011;17306;43113;7062;2957;10275;58690;17643
12/1/2021 00:00;8348;10099;17479;43357;7194;2990;10304;59278;17712
13/1/2021 00:00;8468;10253;17664;43915;7250;3034;10344;60118;17772
14/1/2021 00:00;8632;10418;17851;44444;7357;3058;10470;60934;17852
15/1/2021 00:00;8896;10547;18142;45042;7424;3107;10563;61979;17889
16/1/2021 00:00;8958;10690;18292;45584;7522;3146;10637;62868;17983
17/1/2021 00:00;9006;10842;18375;46119;7622;3173;10754;63293;17999
18/1/2021 00:00;9100;10981;18536;46387;7671;3230;10789;63967;18072
19/1/2021 00:00;9282;11115;18863;46709;7752;3286;10828;65078;18177
20/1/2021 00:00;9441;11232;19088;47222;7938;3323;11024;66236;18241
21/1/2021 00:00;9599;11383;19319;47848;8017;3353;11136;67433;18305
22/1/2021 00:00;9724;11547;19458;48132;8178;3364;11255;68129;18470
23/1/2021 00:00;9768;11697;19623;48729;8289;3376;11325;68673;18509
24/1/2021 00:00;9799;11811;19677;49069;8346;3386;11374;69057;18518
25/1/2021 00:00;9808;12033;19894;49293;8439;3408;11464;69927;18552
26/1/2021 00:00;9901;12276;20090;49848;8610;3427;11510;70874;18672
27/1/2021 00:00;10157;12501;20375;50450;8739;3444;11554;72087;18767
28/1/2021 00:00;10270;12658;20643;51049;8916;3465;11639;73226;18860
29/1/2021 00:00;10382;12894;20892;51746;9073;3482;11746;74204;18973
30/1/2021 00:00;10434;13018;21036;52357;9225;3486;11820;74994;19027
31/1/2021 00:00;10461;13167;21121;52939;9387;3498;11895;75332;19035
1/2/2021 00:00;10489;13235;21274;53369;9428;3516;11944;75949;19095
2/2/2021 00:00;10550;13315;21454;53988;9535;3533;12046;76800;19205
3/2/2021 00:00;10598;13422;21662;54549;9654;3573;12172;77538;19279
4/2/2021 00:00;10675;13568;21882;54879;9776;3610;12338;78175;19331
5/2/2021 00:00;10735;13681;22022;55244;9943;3645;12445;78791;19404
6/2/2021 00:00;10763;13750;22150;55566;10067;3678;12505;79205;19444
7/2/2021 00:00;10777;13854;22154;55916;10172;3711;12613;79322;19448
8/2/2021 00:00;10783;13946;22289;56202;10217;3721;12684;79799;19546
9/2/2021 00:00;10821;14037;22440;56493;10298;3735;12772;80484;19651
10/2/2021 00:00;10864;14131;22631;56903;10416;3760;12897;81149;19751
11/2/2021 00:00;10887;14229;22765;57209;10469;3768;12897;81788;19842
12/2/2021 00:00;10911;14318;22860;57525;10505;3779;13036;82259;19905
13/2/2021 00:00;10938;14399;22979;57734;10564;3781;13105;82570;19966
14/2/2021 00:00;10948;14496;23029;57956;10603;3784;13152;82785;19979
15/2/2021 00:00;10948;14569;23088;58063;10629;3784;13175;82893;19995
16/2/2021 00:00;10955;14669;23140;58314;10679;3791;13189;82968;20001
17/2/2021 00:00;10961;14708;23309;58456;10706;3798;13196;83277;20084
18/2/2021 00:00;10990;14766;23455;58590;10802;3809;13223;83723;20166
19/2/2021 00:00;11010;14847;23565;58842;10846;3821;13296;84175;20274
20/2/2021 00:00;11056;14919;23648;59132;10988;3826;13338;84536;20328
21/2/2021 00:00;11061;14979;23697;59277;11019;3834;13379;84716;20330
22/2/2021 00:00;11076;15032;23804;59440;11068;3840;13440;85065;20411
23/2/2021 00:00;11113;15091;23956;59637;11119;3845;13495;85611;20513
24/2/2021 00:00;11148;15160;24119;59846;11262;3856;13543;86175;20610
25/2/2021 00:00;11175;15208;24209;60083;11333;3868;13606;86636;20704
26/2/2021 00:00;11196;15275;24353;60320;11433;3878;13652;86988;20796
27/2/2021 00:00;11216;15336;24417;60491;11481;3879;13673;87208;20846
28/2/2021 00:00;11224;15408;24457;60584;11518;3879;13692;87385;20863
1/3/2021 00:00;11249;15442;24533;60659;11579;3884;13735;87740;20946
2/3/2021 00:00;11276;15530;24631;60743;11614;3889;13759;88079;21036
3/3/2021 00:00;11295;15587;24740;60862;11660;3892;13787;88421;21147
4/3/2021 00:00;11307;15658;24864;61003;11765;3894;13821;88828;21220
5/3/2021 00:00;11317;15708;24941;61258;11839;3902;13873;89126;21333
6/3/2021 00:00;11341;15757;25041;61390;11883;3905;13891;89382;21360
7/3/2021 00:00;11350;15785;25059;61531;11901;3910;13923;89442;21372
8/3/2021 00:00;11361;15818;25122;61615;11943;3922;13933;89578;21444
9/3/2021 00:00;11400;15843;25205;61751;11995;3930;13966;89989;21542
10/3/2021 00:00;11431;15890;25307;61871;12063;3942;13989;90304;21665
11/3/2021 00:00;11469;15934;25395;61998;12091;3971;14014;90612;21756
12/3/2021 00:00;11524;15995;25473;62133;12191;3995;14043;91125;21845
13/3/2021 00:00;11566;16028;25515;62273;12225;4000;14072;91463;21862
14/3/2021 00:00;11597;16067;25537;62349;12236;4006;14094;91615;21888
15/3/2021 00:00;11619;16097;25595;62403;12274;4022;14129;91959;21961
16/3/2021 00:00;11698;16131;25681;62511;12321;4038;14171;92384;22053
17/3/2021 00:00;11867;16162;25788;62646;12362;4071;14194;92830;22136
18/3/2021 00:00;11935;16225;25852;62769;12397;4113;14249;93183;22218
19/3/2021 00:00;12019;16279;25929;62855;12439;4126;14308;93551;22302
20/3/2021 00:00;12081;16344;25974;62929;12473;4133;14316;93837;22324
21/3/2021 00:00;12102;16371;26007;62976;12480;4148;14328;93886;22336
22/3/2021 00:00;12148;16410;26079;63019;12502;4182;14341;94117;22409
23/3/2021 00:00;12264;16443;26147;63109;12538;4207;14370;94523;22485
24/3/2021 00:00;12382;16507;26270;63202;12573;4247;14384;94917;22577
25/3/2021 00:00;12474;16538;26347;63280;12600;4298;14402;95249;22645
26/3/2021 00:00;12574;16578;26442;63333;12650;4374;14410;95641;22736
27/3/2021 00:00;12653;16594;26529;63373;12675;4402;14414;95897;22765
28/3/2021 00:00;12686;16640;26567;63449;12692;4433;14430;95954;22777
29/3/2021 00:00;12805;16674;26642;63517;12719;4453;14437;96233;22867
30/3/2021 00:00;12902;16707;26751;63618;12770;4509;14449;96756;22957
31/3/2021 00:00;13020;16741;26907;63703;12796;4574;14458;97154;23058
1/4/2021 00:00;13083;16787;27035;63842;12831;4611;14476;97506;23156
2/4/2021 00:00;13179;16821;27072;63975;12856;4646;14485;97742;23171
3/4/2021 00:00;13219;16866;27118;64045;12865;4669;14485;97993;23207
4/4/2021 00:00;13267;16888;27142;64081;12872;4690;14514;98268;23212
5/4/2021 00:00;13357;16903;27238;64169;12898;4741;14526;98268;23292
6/4/2021 00:00;13484;16929;27333;64223;12930;4800;14548;99247;23396
7/4/2021 00:00;13555;16968;27477;64333;12974;4843;14556;99758;23502
8/4/2021 00:00;13654;16994;27599;64549;12995;4893;14599;100317;23607
9/4/2021 00:00;13752;17047;27741;64707;13068;4939;14622;101057;23716
10/4/2021 00:00;13834;17076;27823;65037;13095;4951;14653;101359;23742
11/4/2021 00:00;13912;17103;27852;65226;13109;4969;14657;101513;23754
12/4/2021 00:00;14010;17124;27984;65276;13132;5014;14679;102006;23859
13/4/2021 00:00;14157;17161;28125;65403;13179;5047;14707;102453;23951
14/4/2021 00:00;14248;17196;28286;65555;13229;5081;14741;102874;24081
15/4/2021 00:00;14324;17238;28340;65709;13386;5122;14753;103154;24088
16/4/2021 00:00;14376;17288;28527;65927;13415;5183;14771;103679;24194
17/4/2021 00:00;14409;17326;28625;66207;13454;5212;14772;104290;24250
18/4/2021 00:00;14463;17353;28708;66338;13502;5226;14775;104430;24271
19/4/2021 00:00;14575;17418;28886;66420;13538;5259;14815;105041;24410
20/4/2021 00:00;14679;17462;29119;66539;13595;5295;14850;105622;24514
21/4/2021 00:00;14732;17517;29393;66663;13654;5321;14880;106286;24615
22/4/2021 00:00;14820;17569;29637;66802;13732;5335;14898;106894;24704
23/4/2021 00:00;14885;17615;29883;67152;13797;5373;14917;107435;24835
24/4/2021 00:00;14980;17666;30065;67507;13838;5404;14936;107902;24887
25/4/2021 00:00;14992;17712;30170;67653;13870;5418;14945;108006;24893
26/4/2021 00:00;15068;17746;30354;67696;13934;5444;14962;108557;25017
27/4/2021 00:00;15166;17794;30679;67832;14008;5475;14986;109177;25141
28/4/2021 00:00;15217;17849;30996;68062;14084;5503;15008;109860;25252
